Num_species,Replicate_number,Num_total_DAR,Num_cDAR,Num_uDAR
50,0,289,95,194
50,1,289,80,209
50,2,289,85,204
50,3,289,86,203
50,4,289,95,194
50,5,289,93,196
50,6,289,91,198
50,7,289,92,197
50,8,289,92,197
50,9,289,87,202
50,10,289,81,208
50,11,289,88,201
50,12,289,94,195
50,13,289,73,216
50,14,289,92,197
50,15,289,95,194
50,16,289,87,202
50,17,289,90,199
50,18,289,90,199
50,19,289,90,199
50,20,289,94,195
50,21,289,88,201
50,22,289,88,201
50,23,289,98,191
50,24,289,87,202
50,25,289,97,192
50,26,289,93,196
50,27,289,92,197
50,28,289,78,211
50,29,289,74,215
50,30,289,100,189
50,31,289,82,207
50,32,289,100,189
50,33,289,95,194
50,34,289,82,207
50,35,289,87,202
50,36,289,98,191
50,37,289,95,194
50,38,289,92,197
50,39,289,93,196
50,40,289,88,201
50,41,289,78,211
50,42,289,87,202
50,43,289,93,196
50,44,289,104,185
50,45,289,92,197
50,46,289,89,200
50,47,289,91,198
50,48,289,87,202
50,49,289,97,192
50,50,289,97,192
50,51,289,96,193
50,52,289,95,194
50,53,289,94,195
50,54,289,87,202
50,55,289,89,200
50,56,289,93,196
50,57,289,97,192
50,58,289,92,197
50,59,289,95,194
50,60,289,91,198
50,61,289,98,191
50,62,289,92,197
50,63,289,105,184
50,64,289,90,199
50,65,289,95,194
50,66,289,81,208
50,67,289,92,197
50,68,289,93,196
50,69,289,97,192
50,70,289,81,208
50,71,289,92,197
50,72,289,86,203
50,73,289,95,194
50,74,289,90,199
50,75,289,94,195
50,76,289,87,202
50,77,289,90,199
50,78,289,92,197
50,79,289,99,190
50,80,289,101,188
50,81,289,93,196
50,82,289,92,197
50,83,289,82,207
50,84,289,78,211
50,85,289,77,212
50,86,289,84,205
50,87,289,87,202
50,88,289,84,205
50,89,289,96,193
50,90,289,89,200
50,91,289,103,186
50,92,289,96,193
50,93,289,89,200
50,94,289,93,196
50,95,289,93,196
50,96,289,93,196
50,97,289,89,200
50,98,289,93,196
50,99,289,92,197
100,0,289,99,190
100,1,289,103,186
100,2,289,100,189
100,3,289,108,181
100,4,289,100,189
100,5,289,99,190
100,6,289,109,180
100,7,289,108,181
100,8,289,100,189
100,9,289,104,185
100,10,289,103,186
100,11,289,105,184
100,12,289,105,184
100,13,289,102,187
100,14,289,107,182
100,15,289,105,184
100,16,289,104,185
100,17,289,107,182
100,18,289,102,187
100,19,289,101,188
100,20,289,94,195
100,21,289,112,177
100,22,289,99,190
100,23,289,100,189
100,24,289,110,179
100,25,289,109,180
100,26,289,106,183
100,27,289,108,181
100,28,289,111,178
100,29,289,107,182
100,30,289,113,176
100,31,289,111,178
100,32,289,102,187
100,33,289,105,184
100,34,289,100,189
100,35,289,102,187
100,36,289,104,185
100,37,289,104,185
100,38,289,110,179
100,39,289,109,180
100,40,289,101,188
100,41,289,90,199
100,42,289,99,190
100,43,289,106,183
100,44,289,115,174
100,45,289,105,184
100,46,289,99,190
100,47,289,104,185
100,48,289,109,180
100,49,289,108,181
100,50,289,104,185
100,51,289,97,192
100,52,289,102,187
100,53,289,108,181
100,54,289,103,186
100,55,289,99,190
100,56,289,105,184
100,57,289,102,187
100,58,289,107,182
100,59,289,113,176
100,60,289,114,175
100,61,289,104,185
100,62,289,102,187
100,63,289,103,186
100,64,289,100,189
100,65,289,105,184
100,66,289,100,189
100,67,289,107,182
100,68,289,104,185
100,69,289,108,181
100,70,289,105,184
100,71,289,100,189
100,72,289,105,184
100,73,289,105,184
100,74,289,104,185
100,75,289,107,182
100,76,289,100,189
100,77,289,97,192
100,78,289,106,183
100,79,289,100,189
100,80,289,105,184
100,81,289,102,187
100,82,289,105,184
100,83,289,104,185
100,84,289,106,183
100,85,289,104,185
100,86,289,98,191
100,87,289,106,183
100,88,289,97,192
100,89,289,104,185
100,90,289,104,185
100,91,289,100,189
100,92,289,108,181
100,93,289,105,184
100,94,289,106,183
100,95,289,106,183
100,96,289,99,190
100,97,289,108,181
100,98,289,111,178
100,99,289,102,187
150,0,289,105,184
150,1,289,112,177
150,2,289,112,177
150,3,289,103,186
150,4,289,118,171
150,5,289,104,185
150,6,289,112,177
150,7,289,110,179
150,8,289,113,176
150,9,289,110,179
150,10,289,111,178
150,11,289,111,178
150,12,289,107,182
150,13,289,109,180
150,14,289,113,176
150,15,289,112,177
150,16,289,117,172
150,17,289,107,182
150,18,289,118,171
150,19,289,116,173
150,20,289,119,170
150,21,289,110,179
150,22,289,105,184
150,23,289,112,177
150,24,289,114,175
150,25,289,113,176
150,26,289,103,186
150,27,289,106,183
150,28,289,119,170
150,29,289,113,176
150,30,289,112,177
150,31,289,114,175
150,32,289,111,178
150,33,289,104,185
150,34,289,112,177
150,35,289,110,179
150,36,289,109,180
150,37,289,112,177
150,38,289,118,171
150,39,289,112,177
150,40,289,105,184
150,41,289,110,179
150,42,289,110,179
150,43,289,114,175
150,44,289,116,173
150,45,289,115,174
150,46,289,109,180
150,47,289,112,177
150,48,289,110,179
150,49,289,104,185
150,50,289,105,184
150,51,289,112,177
150,52,289,115,174
150,53,289,109,180
150,54,289,111,178
150,55,289,108,181
150,56,289,108,181
150,57,289,111,178
150,58,289,108,181
150,59,289,111,178
150,60,289,113,176
150,61,289,112,177
150,62,289,111,178
150,63,289,117,172
150,64,289,108,181
150,65,289,114,175
150,66,289,116,173
150,67,289,113,176
150,68,289,110,179
150,69,289,111,178
150,70,289,109,180
150,71,289,110,179
150,72,289,115,174
150,73,289,115,174
150,74,289,115,174
150,75,289,114,175
150,76,289,110,179
150,77,289,114,175
150,78,289,112,177
150,79,289,114,175
150,80,289,108,181
150,81,289,113,176
150,82,289,115,174
150,83,289,107,182
150,84,289,112,177
150,85,289,115,174
150,86,289,108,181
150,87,289,118,171
150,88,289,111,178
150,89,289,112,177
150,90,289,107,182
150,91,289,113,176
150,92,289,113,176
150,93,289,113,176
150,94,289,108,181
150,95,289,98,191
150,96,289,118,171
150,97,289,112,177
150,98,289,113,176
150,99,289,117,172
200,0,289,115,174
200,1,289,114,175
200,2,289,111,178
200,3,289,119,170
200,4,289,118,171
200,5,289,116,173
200,6,289,115,174
200,7,289,114,175
200,8,289,113,176
200,9,289,106,183
200,10,289,121,168
200,11,289,119,170
200,12,289,119,170
200,13,289,123,166
200,14,289,124,165
200,15,289,117,172
200,16,289,109,180
200,17,289,117,172
200,18,289,117,172
200,19,289,111,178
200,20,289,113,176
200,21,289,126,163
200,22,289,121,168
200,23,289,118,171
200,24,289,108,181
200,25,289,120,169
200,26,289,111,178
200,27,289,119,170
200,28,289,123,166
200,29,289,112,177
200,30,289,114,175
200,31,289,118,171
200,32,289,119,170
200,33,289,117,172
200,34,289,117,172
200,35,289,120,169
200,36,289,110,179
200,37,289,114,175
200,38,289,116,173
200,39,289,116,173
200,40,289,114,175
200,41,289,115,174
200,42,289,114,175
200,43,289,113,176
200,44,289,122,167
200,45,289,115,174
200,46,289,122,167
200,47,289,119,170
200,48,289,117,172
200,49,289,113,176
200,50,289,117,172
200,51,289,115,174
200,52,289,116,173
200,53,289,117,172
200,54,289,119,170
200,55,289,113,176
200,56,289,117,172
200,57,289,116,173
200,58,289,116,173
200,59,289,115,174
200,60,289,119,170
200,61,289,114,175
200,62,289,115,174
200,63,289,119,170
200,64,289,119,170
200,65,289,116,173
200,66,289,115,174
200,67,289,121,168
200,68,289,116,173
200,69,289,107,182
200,70,289,120,169
200,71,289,114,175
200,72,289,121,168
200,73,289,114,175
200,74,289,118,171
200,75,289,116,173
200,76,289,108,181
200,77,289,111,178
200,78,289,113,176
200,79,289,123,166
200,80,289,119,170
200,81,289,113,176
200,82,289,118,171
200,83,289,113,176
200,84,289,115,174
200,85,289,115,174
200,86,289,112,177
200,87,289,112,177
200,88,289,116,173
200,89,289,121,168
200,90,289,116,173
200,91,289,114,175
200,92,289,116,173
200,93,289,119,170
200,94,289,118,171
200,95,289,111,178
200,96,289,122,167
200,97,289,118,171
200,98,289,118,171
200,99,289,113,176
250,0,289,116,173
250,1,289,117,172
250,2,289,121,168
250,3,289,119,170
250,4,289,123,166
250,5,289,116,173
250,6,289,119,170
250,7,289,116,173
250,8,289,120,169
250,9,289,128,161
250,10,289,125,164
250,11,289,126,163
250,12,289,117,172
250,13,289,119,170
250,14,289,119,170
250,15,289,112,177
250,16,289,128,161
250,17,289,123,166
250,18,289,121,168
250,19,289,118,171
250,20,289,117,172
250,21,289,125,164
250,22,289,120,169
250,23,289,118,171
250,24,289,119,170
250,25,289,120,169
250,26,289,119,170
250,27,289,123,166
250,28,289,113,176
250,29,289,120,169
250,30,289,119,170
250,31,289,116,173
250,32,289,119,170
250,33,289,117,172
250,34,289,122,167
250,35,289,116,173
250,36,289,123,166
250,37,289,121,168
250,38,289,114,175
250,39,289,123,166
250,40,289,118,171
250,41,289,123,166
250,42,289,126,163
250,43,289,118,171
250,44,289,122,167
250,45,289,120,169
250,46,289,121,168
250,47,289,118,171
250,48,289,117,172
250,49,289,125,164
250,50,289,116,173
250,51,289,117,172
250,52,289,125,164
250,53,289,116,173
250,54,289,117,172
250,55,289,121,168
250,56,289,122,167
250,57,289,121,168
250,58,289,122,167
250,59,289,113,176
250,60,289,113,176
250,61,289,121,168
250,62,289,124,165
250,63,289,114,175
250,64,289,120,169
250,65,289,119,170
250,66,289,117,172
250,67,289,118,171
250,68,289,119,170
250,69,289,124,165
250,70,289,121,168
250,71,289,122,167
250,72,289,122,167
250,73,289,120,169
250,74,289,120,169
250,75,289,124,165
250,76,289,120,169
250,77,289,119,170
250,78,289,120,169
250,79,289,122,167
250,80,289,116,173
250,81,289,119,170
250,82,289,120,169
250,83,289,114,175
250,84,289,115,174
250,85,289,120,169
250,86,289,119,170
250,87,289,120,169
250,88,289,121,168
250,89,289,113,176
250,90,289,125,164
250,91,289,119,170
250,92,289,123,166
250,93,289,120,169
250,94,289,119,170
250,95,289,123,166
250,96,289,130,159
250,97,289,120,169
250,98,289,124,165
250,99,289,124,165
300,0,289,121,168
300,1,289,119,170
300,2,289,119,170
300,3,289,126,163
300,4,289,121,168
300,5,289,119,170
300,6,289,124,165
300,7,289,125,164
300,8,289,129,160
300,9,289,125,164
300,10,289,118,171
300,11,289,126,163
300,12,289,118,171
300,13,289,130,159
300,14,289,126,163
300,15,289,116,173
300,16,289,123,166
300,17,289,127,162
300,18,289,122,167
300,19,289,123,166
300,20,289,127,162
300,21,289,121,168
300,22,289,123,166
300,23,289,121,168
300,24,289,126,163
300,25,289,122,167
300,26,289,119,170
300,27,289,122,167
300,28,289,121,168
300,29,289,127,162
300,30,289,124,165
300,31,289,119,170
300,32,289,124,165
300,33,289,125,164
300,34,289,127,162
300,35,289,121,168
300,36,289,123,166
300,37,289,122,167
300,38,289,121,168
300,39,289,120,169
300,40,289,125,164
300,41,289,118,171
300,42,289,127,162
300,43,289,115,174
300,44,289,126,163
300,45,289,126,163
300,46,289,122,167
300,47,289,122,167
300,48,289,117,172
300,49,289,121,168
300,50,289,125,164
300,51,289,120,169
300,52,289,121,168
300,53,289,122,167
300,54,289,120,169
300,55,289,124,165
300,56,289,129,160
300,57,289,124,165
300,58,289,122,167
300,59,289,122,167
300,60,289,127,162
300,61,289,121,168
300,62,289,123,166
300,63,289,124,165
300,64,289,123,166
300,65,289,121,168
300,66,289,122,167
300,67,289,116,173
300,68,289,122,167
300,69,289,120,169
300,70,289,125,164
300,71,289,123,166
300,72,289,118,171
300,73,289,127,162
300,74,289,126,163
300,75,289,128,161
300,76,289,123,166
300,77,289,120,169
300,78,289,128,161
300,79,289,129,160
300,80,289,125,164
300,81,289,117,172
300,82,289,124,165
300,83,289,129,160
300,84,289,127,162
300,85,289,120,169
300,86,289,115,174
300,87,289,121,168
300,88,289,121,168
300,89,289,118,171
300,90,289,124,165
300,91,289,117,172
300,92,289,124,165
300,93,289,127,162
300,94,289,121,168
300,95,289,122,167
300,96,289,117,172
300,97,289,125,164
300,98,289,121,168
300,99,289,130,159
350,0,289,127,162
350,1,289,124,165
350,2,289,124,165
350,3,289,123,166
350,4,289,126,163
350,5,289,122,167
350,6,289,123,166
350,7,289,121,168
350,8,289,122,167
350,9,289,125,164
350,10,289,129,160
350,11,289,134,155
350,12,289,128,161
350,13,289,127,162
350,14,289,130,159
350,15,289,128,161
350,16,289,124,165
350,17,289,129,160
350,18,289,123,166
350,19,289,126,163
350,20,289,123,166
350,21,289,126,163
350,22,289,122,167
350,23,289,126,163
350,24,289,129,160
350,25,289,125,164
350,26,289,123,166
350,27,289,129,160
350,28,289,126,163
350,29,289,125,164
350,30,289,125,164
350,31,289,127,162
350,32,289,125,164
350,33,289,122,167
350,34,289,129,160
350,35,289,123,166
350,36,289,122,167
350,37,289,128,161
350,38,289,129,160
350,39,289,127,162
350,40,289,130,159
350,41,289,125,164
350,42,289,124,165
350,43,289,126,163
350,44,289,118,171
350,45,289,119,170
350,46,289,128,161
350,47,289,122,167
350,48,289,127,162
350,49,289,134,155
350,50,289,124,165
350,51,289,125,164
350,52,289,125,164
350,53,289,126,163
350,54,289,127,162
350,55,289,130,159
350,56,289,128,161
350,57,289,123,166
350,58,289,126,163
350,59,289,121,168
350,60,289,125,164
350,61,289,132,157
350,62,289,123,166
350,63,289,126,163
350,64,289,129,160
350,65,289,126,163
350,66,289,128,161
350,67,289,130,159
350,68,289,126,163
350,69,289,124,165
350,70,289,123,166
350,71,289,126,163
350,72,289,127,162
350,73,289,130,159
350,74,289,124,165
350,75,289,123,166
350,76,289,128,161
350,77,289,125,164
350,78,289,131,158
350,79,289,128,161
350,80,289,122,167
350,81,289,125,164
350,82,289,126,163
350,83,289,128,161
350,84,289,128,161
350,85,289,126,163
350,86,289,124,165
350,87,289,126,163
350,88,289,126,163
350,89,289,123,166
350,90,289,126,163
350,91,289,126,163
350,92,289,124,165
350,93,289,124,165
350,94,289,124,165
350,95,289,123,166
350,96,289,127,162
350,97,289,121,168
350,98,289,118,171
350,99,289,126,163
400,0,289,128,161
400,1,289,127,162
400,2,289,125,164
400,3,289,126,163
400,4,289,125,164
400,5,289,125,164
400,6,289,125,164
400,7,289,127,162
400,8,289,127,162
400,9,289,130,159
400,10,289,129,160
400,11,289,131,158
400,12,289,131,158
400,13,289,131,158
400,14,289,128,161
400,15,289,131,158
400,16,289,128,161
400,17,289,126,163
400,18,289,128,161
400,19,289,132,157
400,20,289,129,160
400,21,289,132,157
400,22,289,124,165
400,23,289,133,156
400,24,289,130,159
400,25,289,125,164
400,26,289,130,159
400,27,289,124,165
400,28,289,129,160
400,29,289,127,162
400,30,289,128,161
400,31,289,125,164
400,32,289,128,161
400,33,289,128,161
400,34,289,124,165
400,35,289,132,157
400,36,289,127,162
400,37,289,127,162
400,38,289,124,165
400,39,289,128,161
400,40,289,126,163
400,41,289,132,157
400,42,289,137,152
400,43,289,128,161
400,44,289,125,164
400,45,289,129,160
400,46,289,133,156
400,47,289,132,157
400,48,289,131,158
400,49,289,128,161
400,50,289,128,161
400,51,289,129,160
400,52,289,130,159
400,53,289,133,156
400,54,289,129,160
400,55,289,130,159
400,56,289,124,165
400,57,289,132,157
400,58,289,128,161
400,59,289,126,163
400,60,289,127,162
400,61,289,131,158
400,62,289,129,160
400,63,289,128,161
400,64,289,129,160
400,65,289,131,158
400,66,289,131,158
400,67,289,133,156
400,68,289,130,159
400,69,289,129,160
400,70,289,128,161
400,71,289,128,161
400,72,289,125,164
400,73,289,127,162
400,74,289,126,163
400,75,289,130,159
400,76,289,125,164
400,77,289,131,158
400,78,289,131,158
400,79,289,127,162
400,80,289,129,160
400,81,289,124,165
400,82,289,129,160
400,83,289,127,162
400,84,289,123,166
400,85,289,131,158
400,86,289,126,163
400,87,289,126,163
400,88,289,134,155
400,89,289,127,162
400,90,289,132,157
400,91,289,133,156
400,92,289,131,158
400,93,289,132,157
400,94,289,124,165
400,95,289,128,161
400,96,289,129,160
400,97,289,132,157
400,98,289,126,163
400,99,289,133,156
450,0,289,129,160
450,1,289,131,158
450,2,289,125,164
450,3,289,127,162
450,4,289,124,165
450,5,289,127,162
450,6,289,129,160
450,7,289,130,159
450,8,289,132,157
450,9,289,135,154
450,10,289,132,157
450,11,289,133,156
450,12,289,128,161
450,13,289,128,161
450,14,289,127,162
450,15,289,135,154
450,16,289,126,163
450,17,289,129,160
450,18,289,131,158
450,19,289,125,164
450,20,289,137,152
450,21,289,126,163
450,22,289,129,160
450,23,289,132,157
450,24,289,129,160
450,25,289,132,157
450,26,289,130,159
450,27,289,131,158
450,28,289,128,161
450,29,289,130,159
450,30,289,130,159
450,31,289,129,160
450,32,289,131,158
450,33,289,126,163
450,34,289,132,157
450,35,289,122,167
450,36,289,131,158
450,37,289,130,159
450,38,289,129,160
450,39,289,131,158
450,40,289,134,155
450,41,289,131,158
450,42,289,132,157
450,43,289,129,160
450,44,289,127,162
450,45,289,136,153
450,46,289,126,163
450,47,289,126,163
450,48,289,127,162
450,49,289,133,156
450,50,289,131,158
450,51,289,132,157
450,52,289,127,162
450,53,289,128,161
450,54,289,131,158
450,55,289,128,161
450,56,289,129,160
450,57,289,128,161
450,58,289,137,152
450,59,289,133,156
450,60,289,128,161
450,61,289,131,158
450,62,289,125,164
450,63,289,128,161
450,64,289,132,157
450,65,289,129,160
450,66,289,127,162
450,67,289,128,161
450,68,289,127,162
450,69,289,130,159
450,70,289,128,161
450,71,289,133,156
450,72,289,124,165
450,73,289,133,156
450,74,289,130,159
450,75,289,134,155
450,76,289,135,154
450,77,289,132,157
450,78,289,132,157
450,79,289,132,157
450,80,289,129,160
450,81,289,129,160
450,82,289,132,157
450,83,289,131,158
450,84,289,128,161
450,85,289,128,161
450,86,289,128,161
450,87,289,131,158
450,88,289,133,156
450,89,289,128,161
450,90,289,129,160
450,91,289,133,156
450,92,289,131,158
450,93,289,128,161
450,94,289,132,157
450,95,289,126,163
450,96,289,129,160
450,97,289,127,162
450,98,289,130,159
450,99,289,120,169
500,0,289,130,159
500,1,289,131,158
500,2,289,132,157
500,3,289,129,160
500,4,289,126,163
500,5,289,128,161
500,6,289,127,162
500,7,289,136,153
500,8,289,131,158
500,9,289,140,149
500,10,289,135,154
500,11,289,131,158
500,12,289,131,158
500,13,289,135,154
500,14,289,128,161
500,15,289,132,157
500,16,289,125,164
500,17,289,134,155
500,18,289,134,155
500,19,289,134,155
500,20,289,130,159
500,21,289,135,154
500,22,289,130,159
500,23,289,136,153
500,24,289,129,160
500,25,289,129,160
500,26,289,131,158
500,27,289,128,161
500,28,289,129,160
500,29,289,124,165
500,30,289,135,154
500,31,289,134,155
500,32,289,131,158
500,33,289,131,158
500,34,289,132,157
500,35,289,134,155
500,36,289,135,154
500,37,289,133,156
500,38,289,126,163
500,39,289,128,161
500,40,289,134,155
500,41,289,126,163
500,42,289,130,159
500,43,289,132,157
500,44,289,134,155
500,45,289,131,158
500,46,289,131,158
500,47,289,134,155
500,48,289,134,155
500,49,289,132,157
500,50,289,130,159
500,51,289,133,156
500,52,289,132,157
500,53,289,130,159
500,54,289,129,160
500,55,289,128,161
500,56,289,136,153
500,57,289,135,154
500,58,289,131,158
500,59,289,127,162
500,60,289,127,162
500,61,289,129,160
500,62,289,130,159
500,63,289,126,163
500,64,289,130,159
500,65,289,135,154
500,66,289,134,155
500,67,289,131,158
500,68,289,136,153
500,69,289,137,152
500,70,289,135,154
500,71,289,129,160
500,72,289,131,158
500,73,289,131,158
500,74,289,130,159
500,75,289,135,154
500,76,289,131,158
500,77,289,134,155
500,78,289,135,154
500,79,289,129,160
500,80,289,131,158
500,81,289,129,160
500,82,289,131,158
500,83,289,132,157
500,84,289,134,155
500,85,289,131,158
500,86,289,133,156
500,87,289,133,156
500,88,289,130,159
500,89,289,135,154
500,90,289,129,160
500,91,289,133,156
500,92,289,127,162
500,93,289,128,161
500,94,289,127,162
500,95,289,133,156
500,96,289,133,156
500,97,289,130,159
500,98,289,133,156
500,99,289,131,158
550,0,289,134,155
550,1,289,135,154
550,2,289,132,157
550,3,289,131,158
550,4,289,130,159
550,5,289,135,154
550,6,289,135,154
550,7,289,133,156
550,8,289,142,147
550,9,289,137,152
550,10,289,135,154
550,11,289,130,159
550,12,289,131,158
550,13,289,134,155
550,14,289,127,162
550,15,289,139,150
550,16,289,136,153
550,17,289,133,156
550,18,289,132,157
550,19,289,131,158
550,20,289,133,156
550,21,289,131,158
550,22,289,130,159
550,23,289,133,156
550,24,289,133,156
550,25,289,130,159
550,26,289,134,155
550,27,289,137,152
550,28,289,134,155
550,29,289,132,157
550,30,289,134,155
550,31,289,135,154
550,32,289,135,154
550,33,289,129,160
550,34,289,133,156
550,35,289,137,152
550,36,289,134,155
550,37,289,135,154
550,38,289,139,150
550,39,289,136,153
550,40,289,129,160
550,41,289,139,150
550,42,289,132,157
550,43,289,135,154
550,44,289,135,154
550,45,289,131,158
550,46,289,134,155
550,47,289,134,155
550,48,289,131,158
550,49,289,133,156
550,50,289,135,154
550,51,289,137,152
550,52,289,135,154
550,53,289,135,154
550,54,289,130,159
550,55,289,133,156
550,56,289,135,154
550,57,289,134,155
550,58,289,134,155
550,59,289,135,154
550,60,289,136,153
550,61,289,135,154
550,62,289,134,155
550,63,289,133,156
550,64,289,132,157
550,65,289,130,159
550,66,289,136,153
550,67,289,136,153
550,68,289,128,161
550,69,289,134,155
550,70,289,134,155
550,71,289,133,156
550,72,289,133,156
550,73,289,136,153
550,74,289,131,158
550,75,289,137,152
550,76,289,131,158
550,77,289,129,160
550,78,289,136,153
550,79,289,132,157
550,80,289,133,156
550,81,289,133,156
550,82,289,125,164
550,83,289,135,154
550,84,289,136,153
550,85,289,134,155
550,86,289,139,150
550,87,289,134,155
550,88,289,137,152
550,89,289,133,156
550,90,289,133,156
550,91,289,133,156
550,92,289,134,155
550,93,289,134,155
550,94,289,130,159
550,95,289,131,158
550,96,289,135,154
550,97,289,135,154
550,98,289,133,156
550,99,289,128,161
600,0,289,134,155
600,1,289,134,155
600,2,289,132,157
600,3,289,138,151
600,4,289,130,159
600,5,289,135,154
600,6,289,138,151
600,7,289,139,150
600,8,289,138,151
600,9,289,139,150
600,10,289,133,156
600,11,289,134,155
600,12,289,136,153
600,13,289,136,153
600,14,289,140,149
600,15,289,136,153
600,16,289,134,155
600,17,289,135,154
600,18,289,137,152
600,19,289,134,155
600,20,289,129,160
600,21,289,134,155
600,22,289,132,157
600,23,289,135,154
600,24,289,132,157
600,25,289,129,160
600,26,289,139,150
600,27,289,139,150
600,28,289,137,152
600,29,289,139,150
600,30,289,135,154
600,31,289,128,161
600,32,289,133,156
600,33,289,134,155
600,34,289,136,153
600,35,289,136,153
600,36,289,137,152
600,37,289,138,151
600,38,289,137,152
600,39,289,132,157
600,40,289,134,155
600,41,289,141,148
600,42,289,131,158
600,43,289,129,160
600,44,289,133,156
600,45,289,131,158
600,46,289,135,154
600,47,289,135,154
600,48,289,137,152
600,49,289,134,155
600,50,289,131,158
600,51,289,135,154
600,52,289,131,158
600,53,289,136,153
600,54,289,138,151
600,55,289,139,150
600,56,289,137,152
600,57,289,138,151
600,58,289,132,157
600,59,289,140,149
600,60,289,134,155
600,61,289,138,151
600,62,289,138,151
600,63,289,136,153
600,64,289,135,154
600,65,289,136,153
600,66,289,137,152
600,67,289,131,158
600,68,289,136,153
600,69,289,131,158
600,70,289,134,155
600,71,289,135,154
600,72,289,131,158
600,73,289,135,154
600,74,289,132,157
600,75,289,136,153
600,76,289,133,156
600,77,289,132,157
600,78,289,135,154
600,79,289,135,154
600,80,289,140,149
600,81,289,137,152
600,82,289,134,155
600,83,289,137,152
600,84,289,135,154
600,85,289,134,155
600,86,289,137,152
600,87,289,133,156
600,88,289,140,149
600,89,289,133,156
600,90,289,133,156
600,91,289,135,154
600,92,289,133,156
600,93,289,130,159
600,94,289,132,157
600,95,289,133,156
600,96,289,135,154
600,97,289,136,153
600,98,289,131,158
600,99,289,132,157
650,0,289,135,154
650,1,289,137,152
650,2,289,136,153
650,3,289,134,155
650,4,289,136,153
650,5,289,137,152
650,6,289,136,153
650,7,289,140,149
650,8,289,134,155
650,9,289,138,151
650,10,289,141,148
650,11,289,137,152
650,12,289,139,150
650,13,289,140,149
650,14,289,138,151
650,15,289,136,153
650,16,289,137,152
650,17,289,139,150
650,18,289,137,152
650,19,289,137,152
650,20,289,138,151
650,21,289,135,154
650,22,289,135,154
650,23,289,136,153
650,24,289,140,149
650,25,289,134,155
650,26,289,139,150
650,27,289,135,154
650,28,289,139,150
650,29,289,136,153
650,30,289,139,150
650,31,289,140,149
650,32,289,139,150
650,33,289,139,150
650,34,289,139,150
650,35,289,137,152
650,36,289,137,152
650,37,289,137,152
650,38,289,135,154
650,39,289,137,152
650,40,289,137,152
650,41,289,134,155
650,42,289,138,151
650,43,289,137,152
650,44,289,132,157
650,45,289,136,153
650,46,289,133,156
650,47,289,136,153
650,48,289,134,155
650,49,289,140,149
650,50,289,136,153
650,51,289,138,151
650,52,289,140,149
650,53,289,134,155
650,54,289,135,154
650,55,289,140,149
650,56,289,137,152
650,57,289,140,149
650,58,289,136,153
650,59,289,135,154
650,60,289,136,153
650,61,289,135,154
650,62,289,137,152
650,63,289,136,153
650,64,289,136,153
650,65,289,135,154
650,66,289,140,149
650,67,289,135,154
650,68,289,133,156
650,69,289,134,155
650,70,289,139,150
650,71,289,137,152
650,72,289,135,154
650,73,289,139,150
650,74,289,135,154
650,75,289,141,148
650,76,289,141,148
650,77,289,139,150
650,78,289,133,156
650,79,289,138,151
650,80,289,134,155
650,81,289,136,153
650,82,289,136,153
650,83,289,133,156
650,84,289,138,151
650,85,289,137,152
650,86,289,135,154
650,87,289,131,158
650,88,289,140,149
650,89,289,136,153
650,90,289,138,151
650,91,289,137,152
650,92,289,134,155
650,93,289,132,157
650,94,289,141,148
650,95,289,133,156
650,96,289,141,148
650,97,289,136,153
650,98,289,135,154
650,99,289,140,149
700,0,289,136,153
700,1,289,136,153
700,2,289,137,152
700,3,289,138,151
700,4,289,137,152
700,5,289,138,151
700,6,289,140,149
700,7,289,138,151
700,8,289,138,151
700,9,289,134,155
700,10,289,135,154
700,11,289,139,150
700,12,289,137,152
700,13,289,138,151
700,14,289,136,153
700,15,289,137,152
700,16,289,137,152
700,17,289,138,151
700,18,289,138,151
700,19,289,134,155
700,20,289,137,152
700,21,289,137,152
700,22,289,137,152
700,23,289,140,149
700,24,289,134,155
700,25,289,140,149
700,26,289,143,146
700,27,289,134,155
700,28,289,137,152
700,29,289,135,154
700,30,289,139,150
700,31,289,136,153
700,32,289,141,148
700,33,289,138,151
700,34,289,138,151
700,35,289,141,148
700,36,289,137,152
700,37,289,137,152
700,38,289,139,150
700,39,289,141,148
700,40,289,137,152
700,41,289,134,155
700,42,289,141,148
700,43,289,135,154
700,44,289,132,157
700,45,289,138,151
700,46,289,141,148
700,47,289,137,152
700,48,289,138,151
700,49,289,137,152
700,50,289,140,149
700,51,289,138,151
700,52,289,139,150
700,53,289,140,149
700,54,289,137,152
700,55,289,140,149
700,56,289,136,153
700,57,289,136,153
700,58,289,138,151
700,59,289,139,150
700,60,289,138,151
700,61,289,136,153
700,62,289,141,148
700,63,289,137,152
700,64,289,138,151
700,65,289,140,149
700,66,289,135,154
700,67,289,136,153
700,68,289,139,150
700,69,289,135,154
700,70,289,141,148
700,71,289,136,153
700,72,289,139,150
700,73,289,134,155
700,74,289,139,150
700,75,289,140,149
700,76,289,132,157
700,77,289,138,151
700,78,289,138,151
700,79,289,138,151
700,80,289,141,148
700,81,289,137,152
700,82,289,139,150
700,83,289,134,155
700,84,289,137,152
700,85,289,143,146
700,86,289,136,153
700,87,289,136,153
700,88,289,143,146
700,89,289,135,154
700,90,289,138,151
700,91,289,139,150
700,92,289,137,152
700,93,289,133,156
700,94,289,139,150
700,95,289,137,152
700,96,289,139,150
700,97,289,139,150
700,98,289,142,147
700,99,289,141,148
750,0,289,137,152
750,1,289,136,153
750,2,289,139,150
750,3,289,137,152
750,4,289,139,150
750,5,289,141,148
750,6,289,140,149
750,7,289,141,148
750,8,289,140,149
750,9,289,135,154
750,10,289,141,148
750,11,289,139,150
750,12,289,140,149
750,13,289,135,154
750,14,289,136,153
750,15,289,140,149
750,16,289,134,155
750,17,289,137,152
750,18,289,139,150
750,19,289,138,151
750,20,289,138,151
750,21,289,139,150
750,22,289,142,147
750,23,289,140,149
750,24,289,141,148
750,25,289,139,150
750,26,289,138,151
750,27,289,138,151
750,28,289,140,149
750,29,289,142,147
750,30,289,140,149
750,31,289,143,146
750,32,289,142,147
750,33,289,134,155
750,34,289,138,151
750,35,289,139,150
750,36,289,140,149
750,37,289,137,152
750,38,289,135,154
750,39,289,141,148
750,40,289,139,150
750,41,289,139,150
750,42,289,135,154
750,43,289,141,148
750,44,289,139,150
750,45,289,143,146
750,46,289,144,145
750,47,289,139,150
750,48,289,141,148
750,49,289,138,151
750,50,289,141,148
750,51,289,141,148
750,52,289,139,150
750,53,289,142,147
750,54,289,139,150
750,55,289,142,147
750,56,289,139,150
750,57,289,141,148
750,58,289,140,149
750,59,289,139,150
750,60,289,140,149
750,61,289,139,150
750,62,289,134,155
750,63,289,139,150
750,64,289,137,152
750,65,289,139,150
750,66,289,142,147
750,67,289,139,150
750,68,289,141,148
750,69,289,136,153
750,70,289,143,146
750,71,289,138,151
750,72,289,144,145
750,73,289,141,148
750,74,289,139,150
750,75,289,141,148
750,76,289,140,149
750,77,289,133,156
750,78,289,139,150
750,79,289,141,148
750,80,289,135,154
750,81,289,141,148
750,82,289,136,153
750,83,289,144,145
750,84,289,138,151
750,85,289,140,149
750,86,289,136,153
750,87,289,136,153
750,88,289,137,152
750,89,289,140,149
750,90,289,141,148
750,91,289,138,151
750,92,289,140,149
750,93,289,141,148
750,94,289,142,147
750,95,289,136,153
750,96,289,140,149
750,97,289,135,154
750,98,289,141,148
750,99,289,143,146
800,0,289,137,152
800,1,289,139,150
800,2,289,139,150
800,3,289,140,149
800,4,289,139,150
800,5,289,140,149
800,6,289,141,148
800,7,289,145,144
800,8,289,143,146
800,9,289,142,147
800,10,289,140,149
800,11,289,138,151
800,12,289,142,147
800,13,289,138,151
800,14,289,142,147
800,15,289,143,146
800,16,289,140,149
800,17,289,142,147
800,18,289,140,149
800,19,289,142,147
800,20,289,142,147
800,21,289,143,146
800,22,289,140,149
800,23,289,138,151
800,24,289,141,148
800,25,289,141,148
800,26,289,136,153
800,27,289,142,147
800,28,289,140,149
800,29,289,137,152
800,30,289,143,146
800,31,289,137,152
800,32,289,141,148
800,33,289,140,149
800,34,289,141,148
800,35,289,141,148
800,36,289,141,148
800,37,289,140,149
800,38,289,140,149
800,39,289,142,147
800,40,289,142,147
800,41,289,137,152
800,42,289,141,148
800,43,289,141,148
800,44,289,140,149
800,45,289,140,149
800,46,289,138,151
800,47,289,137,152
800,48,289,141,148
800,49,289,140,149
800,50,289,135,154
800,51,289,140,149
800,52,289,138,151
800,53,289,142,147
800,54,289,138,151
800,55,289,141,148
800,56,289,138,151
800,57,289,140,149
800,58,289,143,146
800,59,289,138,151
800,60,289,140,149
800,61,289,142,147
800,62,289,140,149
800,63,289,138,151
800,64,289,141,148
800,65,289,142,147
800,66,289,140,149
800,67,289,138,151
800,68,289,141,148
800,69,289,141,148
800,70,289,142,147
800,71,289,141,148
800,72,289,140,149
800,73,289,139,150
800,74,289,133,156
800,75,289,143,146
800,76,289,139,150
800,77,289,140,149
800,78,289,139,150
800,79,289,140,149
800,80,289,139,150
800,81,289,140,149
800,82,289,143,146
800,83,289,139,150
800,84,289,139,150
800,85,289,140,149
800,86,289,142,147
800,87,289,139,150
800,88,289,142,147
800,89,289,139,150
800,90,289,144,145
800,91,289,143,146
800,92,289,139,150
800,93,289,141,148
800,94,289,142,147
800,95,289,141,148
800,96,289,140,149
800,97,289,139,150
800,98,289,141,148
800,99,289,142,147
850,0,289,138,151
850,1,289,141,148
850,2,289,142,147
850,3,289,141,148
850,4,289,139,150
850,5,289,141,148
850,6,289,141,148
850,7,289,141,148
850,8,289,142,147
850,9,289,141,148
850,10,289,141,148
850,11,289,140,149
850,12,289,139,150
850,13,289,142,147
850,14,289,141,148
850,15,289,135,154
850,16,289,143,146
850,17,289,141,148
850,18,289,143,146
850,19,289,141,148
850,20,289,143,146
850,21,289,142,147
850,22,289,140,149
850,23,289,140,149
850,24,289,143,146
850,25,289,141,148
850,26,289,143,146
850,27,289,143,146
850,28,289,141,148
850,29,289,139,150
850,30,289,144,145
850,31,289,141,148
850,32,289,142,147
850,33,289,142,147
850,34,289,140,149
850,35,289,141,148
850,36,289,143,146
850,37,289,142,147
850,38,289,143,146
850,39,289,145,144
850,40,289,144,145
850,41,289,142,147
850,42,289,142,147
850,43,289,140,149
850,44,289,143,146
850,45,289,140,149
850,46,289,140,149
850,47,289,143,146
850,48,289,144,145
850,49,289,139,150
850,50,289,144,145
850,51,289,140,149
850,52,289,141,148
850,53,289,143,146
850,54,289,141,148
850,55,289,143,146
850,56,289,143,146
850,57,289,143,146
850,58,289,141,148
850,59,289,139,150
850,60,289,138,151
850,61,289,142,147
850,62,289,141,148
850,63,289,143,146
850,64,289,141,148
850,65,289,139,150
850,66,289,136,153
850,67,289,140,149
850,68,289,137,152
850,69,289,141,148
850,70,289,140,149
850,71,289,142,147
850,72,289,142,147
850,73,289,140,149
850,74,289,138,151
850,75,289,141,148
850,76,289,141,148
850,77,289,141,148
850,78,289,141,148
850,79,289,142,147
850,80,289,145,144
850,81,289,145,144
850,82,289,142,147
850,83,289,140,149
850,84,289,139,150
850,85,289,140,149
850,86,289,143,146
850,87,289,144,145
850,88,289,142,147
850,89,289,141,148
850,90,289,137,152
850,91,289,143,146
850,92,289,142,147
850,93,289,143,146
850,94,289,144,145
850,95,289,141,148
850,96,289,143,146
850,97,289,139,150
850,98,289,141,148
850,99,289,144,145
900,0,289,139,150
900,1,289,142,147
900,2,289,143,146
900,3,289,141,148
900,4,289,143,146
900,5,289,144,145
900,6,289,142,147
900,7,289,141,148
900,8,289,141,148
900,9,289,141,148
900,10,289,143,146
900,11,289,142,147
900,12,289,144,145
900,13,289,141,148
900,14,289,141,148
900,15,289,139,150
900,16,289,142,147
900,17,289,144,145
900,18,289,141,148
900,19,289,145,144
900,20,289,143,146
900,21,289,141,148
900,22,289,142,147
900,23,289,140,149
900,24,289,144,145
900,25,289,145,144
900,26,289,140,149
900,27,289,145,144
900,28,289,140,149
900,29,289,141,148
900,30,289,143,146
900,31,289,142,147
900,32,289,143,146
900,33,289,144,145
900,34,289,139,150
900,35,289,143,146
900,36,289,143,146
900,37,289,143,146
900,38,289,145,144
900,39,289,144,145
900,40,289,141,148
900,41,289,144,145
900,42,289,143,146
900,43,289,143,146
900,44,289,142,147
900,45,289,142,147
900,46,289,140,149
900,47,289,144,145
900,48,289,143,146
900,49,289,140,149
900,50,289,141,148
900,51,289,138,151
900,52,289,144,145
900,53,289,141,148
900,54,289,144,145
900,55,289,143,146
900,56,289,144,145
900,57,289,141,148
900,58,289,141,148
900,59,289,142,147
900,60,289,141,148
900,61,289,141,148
900,62,289,144,145
900,63,289,142,147
900,64,289,143,146
900,65,289,143,146
900,66,289,141,148
900,67,289,144,145
900,68,289,141,148
900,69,289,144,145
900,70,289,143,146
900,71,289,138,151
900,72,289,140,149
900,73,289,144,145
900,74,289,143,146
900,75,289,143,146
900,76,289,139,150
900,77,289,142,147
900,78,289,143,146
900,79,289,142,147
900,80,289,140,149
900,81,289,141,148
900,82,289,138,151
900,83,289,142,147
900,84,289,144,145
900,85,289,143,146
900,86,289,141,148
900,87,289,142,147
900,88,289,144,145
900,89,289,141,148
900,90,289,141,148
900,91,289,141,148
900,92,289,143,146
900,93,289,144,145
900,94,289,143,146
900,95,289,143,146
900,96,289,143,146
900,97,289,143,146
900,98,289,144,145
900,99,289,140,149
950,0,289,140,149
950,1,289,144,145
950,2,289,143,146
950,3,289,144,145
950,4,289,145,144
950,5,289,145,144
950,6,289,142,147
950,7,289,142,147
950,8,289,145,144
950,9,289,144,145
950,10,289,141,148
950,11,289,142,147
950,12,289,141,148
950,13,289,145,144
950,14,289,142,147
950,15,289,144,145
950,16,289,145,144
950,17,289,141,148
950,18,289,144,145
950,19,289,141,148
950,20,289,140,149
950,21,289,143,146
950,22,289,141,148
950,23,289,144,145
950,24,289,145,144
950,25,289,144,145
950,26,289,144,145
950,27,289,143,146
950,28,289,140,149
950,29,289,143,146
950,30,289,145,144
950,31,289,145,144
950,32,289,144,145
950,33,289,143,146
950,34,289,142,147
950,35,289,143,146
950,36,289,145,144
950,37,289,145,144
950,38,289,142,147
950,39,289,143,146
950,40,289,144,145
950,41,289,143,146
950,42,289,142,147
950,43,289,142,147
950,44,289,142,147
950,45,289,143,146
950,46,289,144,145
950,47,289,141,148
950,48,289,141,148
950,49,289,141,148
950,50,289,140,149
950,51,289,141,148
950,52,289,145,144
950,53,289,142,147
950,54,289,144,145
950,55,289,143,146
950,56,289,145,144
950,57,289,144,145
950,58,289,142,147
950,59,289,140,149
950,60,289,140,149
950,61,289,144,145
950,62,289,143,146
950,63,289,145,144
950,64,289,141,148
950,65,289,144,145
950,66,289,144,145
950,67,289,143,146
950,68,289,143,146
950,69,289,143,146
950,70,289,144,145
950,71,289,144,145
950,72,289,143,146
950,73,289,145,144
950,74,289,143,146
950,75,289,144,145
950,76,289,143,146
950,77,289,144,145
950,78,289,145,144
950,79,289,144,145
950,80,289,142,147
950,81,289,143,146
950,82,289,143,146
950,83,289,145,144
950,84,289,145,144
950,85,289,143,146
950,86,289,143,146
950,87,289,143,146
950,88,289,143,146
950,89,289,143,146
950,90,289,145,144
950,91,289,142,147
950,92,289,142,147
950,93,289,143,146
950,94,289,142,147
950,95,289,144,145
950,96,289,145,144
950,97,289,144,145
950,98,289,140,149
950,99,289,143,146
1000,0,289,142,147
1000,1,289,144,145
1000,2,289,144,145
1000,3,289,143,146
1000,4,289,145,144
1000,5,289,144,145
1000,6,289,141,148
1000,7,289,144,145
1000,8,289,145,144
1000,9,289,143,146
1000,10,289,144,145
1000,11,289,145,144
1000,12,289,144,145
1000,13,289,143,146
1000,14,289,143,146
1000,15,289,143,146
1000,16,289,142,147
1000,17,289,144,145
1000,18,289,145,144
1000,19,289,145,144
1000,20,289,144,145
1000,21,289,143,146
1000,22,289,144,145
1000,23,289,144,145
1000,24,289,145,144
1000,25,289,145,144
1000,26,289,142,147
1000,27,289,144,145
1000,28,289,145,144
1000,29,289,144,145
1000,30,289,141,148
1000,31,289,145,144
1000,32,289,145,144
1000,33,289,143,146
1000,34,289,144,145
1000,35,289,145,144
1000,36,289,145,144
1000,37,289,145,144
1000,38,289,142,147
1000,39,289,145,144
1000,40,289,145,144
1000,41,289,144,145
1000,42,289,145,144
1000,43,289,144,145
1000,44,289,144,145
1000,45,289,144,145
1000,46,289,140,149
1000,47,289,144,145
1000,48,289,145,144
1000,49,289,145,144
1000,50,289,144,145
1000,51,289,145,144
1000,52,289,143,146
1000,53,289,145,144
1000,54,289,144,145
1000,55,289,145,144
1000,56,289,144,145
1000,57,289,144,145
1000,58,289,144,145
1000,59,289,145,144
1000,60,289,145,144
1000,61,289,143,146
1000,62,289,145,144
1000,63,289,145,144
1000,64,289,143,146
1000,65,289,145,144
1000,66,289,145,144
1000,67,289,143,146
1000,68,289,144,145
1000,69,289,144,145
1000,70,289,144,145
1000,71,289,143,146
1000,72,289,145,144
1000,73,289,145,144
1000,74,289,144,145
1000,75,289,143,146
1000,76,289,143,146
1000,77,289,144,145
1000,78,289,145,144
1000,79,289,144,145
1000,80,289,145,144
1000,81,289,143,146
1000,82,289,142,147
1000,83,289,145,144
1000,84,289,144,145
1000,85,289,144,145
1000,86,289,145,144
1000,87,289,143,146
1000,88,289,145,144
1000,89,289,145,144
1000,90,289,145,144
1000,91,289,145,144
1000,92,289,145,144
1000,93,289,145,144
1000,94,289,144,145
1000,95,289,142,147
1000,96,289,145,144
1000,97,289,144,145
1000,98,289,145,144
1000,99,289,143,146
1050,0,289,144,145
1050,1,289,144,145
1050,2,289,145,144
1050,3,289,145,144
1050,4,289,144,145
1050,5,289,145,144
1050,6,289,143,146
1050,7,289,145,144
1050,8,289,145,144
1050,9,289,145,144
1050,10,289,145,144
1050,11,289,144,145
1050,12,289,145,144
1050,13,289,144,145
1050,14,289,145,144
1050,15,289,145,144
1050,16,289,144,145
1050,17,289,145,144
1050,18,289,145,144
1050,19,289,144,145
1050,20,289,145,144
1050,21,289,145,144
1050,22,289,145,144
1050,23,289,145,144
1050,24,289,145,144
1050,25,289,145,144
1050,26,289,145,144
1050,27,289,145,144
1050,28,289,144,145
1050,29,289,144,145
1050,30,289,145,144
1050,31,289,145,144
1050,32,289,145,144
1050,33,289,145,144
1050,34,289,145,144
1050,35,289,144,145
1050,36,289,144,145
1050,37,289,145,144
1050,38,289,144,145
1050,39,289,145,144
1050,40,289,144,145
1050,41,289,144,145
1050,42,289,145,144
1050,43,289,145,144
1050,44,289,144,145
1050,45,289,145,144
1050,46,289,145,144
1050,47,289,145,144
1050,48,289,145,144
1050,49,289,144,145
1050,50,289,144,145
1050,51,289,145,144
1050,52,289,145,144
1050,53,289,144,145
1050,54,289,145,144
1050,55,289,145,144
1050,56,289,145,144
1050,57,289,145,144
1050,58,289,145,144
1050,59,289,145,144
1050,60,289,145,144
1050,61,289,145,144
1050,62,289,145,144
1050,63,289,145,144
1050,64,289,145,144
1050,65,289,145,144
1050,66,289,145,144
1050,67,289,145,144
1050,68,289,145,144
1050,69,289,144,145
1050,70,289,145,144
1050,71,289,145,144
1050,72,289,145,144
1050,73,289,145,144
1050,74,289,145,144
1050,75,289,145,144
1050,76,289,145,144
1050,77,289,145,144
1050,78,289,145,144
1050,79,289,145,144
1050,80,289,144,145
1050,81,289,145,144
1050,82,289,145,144
1050,83,289,145,144
1050,84,289,145,144
1050,85,289,145,144
1050,86,289,144,145
1050,87,289,145,144
1050,88,289,144,145
1050,89,289,145,144
1050,90,289,144,145
1050,91,289,145,144
1050,92,289,145,144
1050,93,289,145,144
1050,94,289,145,144
1050,95,289,145,144
1050,96,289,145,144
1050,97,289,145,144
1050,98,289,145,144
1050,99,289,144,145